{
  "Routes": [
    {
      "DownstreamPathTemplate": "/api/artifact/{everything}",
      "DownstreamScheme": "http",
      "DownstreamHostAndPorts": [
        {
          "Host": "artifacts-api-cluster", 
          "Port": 80                     
        }
      ],
      "UpstreamPathTemplate": "/api/artifact/{everything}",
      "UpstreamHttpMethod": [ "Get", "Post", "Put", "Delete" ]
    },

    {
      "DownstreamPathTemplate": "/api/exhibition/{everything}",
      "DownstreamScheme": "http",
      "DownstreamHostAndPorts": [
        {
          "Host": "exhibitions-api-cluster",
          "Port": 80
        }
      ],
      "UpstreamPathTemplate": "/api/exhibition/{everything}",
      "UpstreamHttpMethod": [ "Get", "Post", "Put", "Delete" ]
    },
    {
      "DownstreamPathTemplate": "/api/artist/{everything}",
      "DownstreamScheme": "http",
      "DownstreamHostAndPorts": [
        {
          "Host": "artists-api-cluster",
          "Port": 80
        }
      ],
      "UpstreamPathTemplate": "/api/artist/{everything}",
      "UpstreamHttpMethod": [ "Get", "Post", "Put", "Delete" ]
    },

    {
      "DownstreamPathTemplate": "/api/artifactType/{everything}",
      "DownstreamScheme": "http",
      "DownstreamHostAndPorts": [
        {
          "Host": "types-api-cluster",
          "Port": 80
        }
      ],
      "UpstreamPathTemplate": "/api/artifactType/{everything}",
      "UpstreamHttpMethod": [ "Get", "Post", "Put", "Delete" ]
    }
  ],
  "GlobalConfiguration": {
    "BaseUrl": "http://localhost:5000" 
  }
}
